alias,name
raipur,Raipur
vadodara,Vadodara
bhubaneswar,Bhubaneswar
mohali,Mohali
noida,Noida
nashik,Nashik
mysore,Mysore
agra,Agra
zirakpur,Zirakpur
secunderabad,Secunderabad
chandigarh,Chandigarh
delhi,Delhi
bhopal,Bhopal
meerut,Meerut
varanasi,Varanasi
hyderabad,Hyderabad
bareilly,Bareilly
thane,Thane
goa,Goa
patna,Patna
ahmedabad,Ahmedabad
kochi,Kochi
guntur,Guntur
trivandrum,Trivandrum
aurangabad,Aurangabad
allahabad,Allahabad
indore,Indore
rajkot,Rajkot
calicut,Calicut
madurai,Madurai
bangalore,Bangalore
visakhapatnam,Visakhapatnam
pune,Pune
udaipur,Udaipur
bhiwadi,Bhiwadi
vijayawada,Vijayawada
faridabad,Faridabad
dehradun,Dehradun
lucknow,Lucknow
panchkula,Panchkula
coimbatore,Coimbatore
ranchi,Ranchi
kota,Kota
ghaziabad,Ghaziabad
siliguri,Siliguri
guwahati,Guwahati
ludhiana,Ludhiana
mangalore,Mangalore
chennai,Chennai
jaipur,Jaipur
surat,Surat
trichy,Trichy
sonipat,Sonipat
nagpur,Nagpur
gurgaon,Gurgaon
# vizag,Vizag
mumbai,Mumbai
kanpur,Kanpur
thrissur,Thrissur
kolkata,Kolkata
kurnool,Kurnool
rajamahendravaram,Rajamahendravaram
gandhinagar,Gandhinagar
anand,Anand
bhimavaram,Bhimavaram
nellore,Nellore
navi-mumbai,Navi Mumbai
greater-noida,Greater Noida
new-delhi,New Delhi
dharuhera,Dharuhera
bhavnagar,Bhavnagar
karnal,Karnal
ganjam,Ganjam
berhampur,Berhampur
